Film,Year,Genre
The Noose,1928,Drama
The Patent Leather Kid,1927,War
The Last Command,1928,Drama
The Way of All Flesh,1927,Drama
A Ship Comes In,1928,Drama
7th Heaven,1927,Drama
Street Angel,1928,Drama
Sunrise,1927,Drama
Sadie Thompson,1928,Drama
The Racket,1928,Crime
Wings,1927,Drama
The Jazz Singer,1927,Drama
Glorious Betsy,1928,Drama
Underworld,1927,Drama
The Private Life of Helen of Troy,1927,Comedy
Nana,1926,Drama
Thunderbolt,1929,Crime
In Old Arizona,1928,Western
Alibi,1929,Crime
The Valiant,1929,Drama
The Patriot,1928,Drama
Madame X,1929,Drama
The Barker,1928,Romance
The Letter,1929,Drama
The Divine Lady,1928,Drama
The Broadway Melody,1929,Music
Coquette,1929,Drama
Drag,1928,Crime
Weary River,1929,Drama
Hollywood Revue,1929,Comedy
The Cop,1928,Drama
The Leatherneck,1929,War
Sal of Singapore,1928,Drama
Skyscraper,1928,Drama
The Last of Mrs. Cheyney,1929,Comedy
Our Dancing Daughters,1928,Drama
A Woman of Affairs,1928,Drama
Wonder of Women,1929,Drama
Disraeli,1929,Drama
The Green Goddess,1930,Adventure
The Big House,1930,Crime
The Big Pond,1930,Romance
The Love Parade,1930,Comedy
Bulldog Drummond,1929,Action
Condemned,1929,Action
The Rogue Song,1930,Music
The Devil's Holiday,1930,Drama
Sarah and Son,1930,Drama
Anna Christie,1930,Drama
Romance,1929,Drama
The Divorcee,1930,Drama
Their Own Desire,1929,Drama
The Trespasser,1929,Drama
All Quiet on the Western Front,1930,Drama
Hallelujah,1929,Music
Street of Chance,1930,Crime
A Free Soul,1931,Drama
Skippy,1931,Drama
Cimarron,1931,Western
The Royal Family of Broadway,1930,Comedy
The Front Page,1931,Comedy
Morocco,1930,Drama
Min and Bill,1930,Drama
Holiday,1930,Romance
East Lynne,1931,Drama
Trader Horn,1931,Action
The Criminal Code,1931,Crime
Little Caesar,1931,Drama
The Dawn Patrol,1930,War
The Doorway to Hell,1930,Crime
Laughter,1930,Romance
The Public Enemy,1931,Crime
Smart Money,1931,Crime
The Champ,1931,Drama
The Guardsman,1931,Comedy
Dr. Jekyll and Mr. Hyde,1931,Horror
Helping Grandma,1931,Comedy
The Sin of Madelon Claudet,1931,Drama
Bad Girl,1931,Romance
Shanghai Express,1932,Drama
Emma,1932,Drama
Arrowsmith,1931,Drama
Five Star Final,1931,Crime
Grand Hotel,1931,Drama
One Hour with You,1932,Comedy
The Smiling Lieutenant,1931,Comedy
Flowers and Trees,1932,Animation
It's Got Me Again,1932,Animation
Mickey's Orphans,1931,Animation
Lady and Gent,1932,Drama
The Star Witness,1931,Crime
What Price Hollywood?,1932,Drama
Berkeley Square,1933,Fantasy
The Private Life of Henry VIII,1933,History
I Am a Fugitive from a Chain Gang,1932,Drama
Morning Glory,1933,Drama
Lady for a Day,1933,Comedy
Cavalcade,1933,Drama
Little Women,1933,Drama
A Farewell to Arms,1932,Drama
42nd Street,1933,Comedy
She Done Him Wrong,1933,Comedy
Smilin' Through,1932,Drama
State Fair,1933,Comedy
Building a Building,1933,Animation
The Merry Old Soul,1933,Animation
The Three Little Pigs,1933,Music
One Way Passage,1932,Romance
The Prizefighter and the Lady,1933,Romance
Rasputin and the Empress,1932,Drama
It Happened One Night,1934,Comedy
The Affairs of Cellini,1934,Comedy
The Thin Man,1934,Comedy
Of Human Bondage,1934,Drama
One Night of Love,1934,Music
The Barretts of Wimpole Street,1934,Drama
Cleopatra,1934,History
Flirtation Walk,1934,Music
The Gay Divorcee,1934,Comedy
Here Comes the Navy,1934,War
The House of Rothschild,1934,Drama
Imitation of Life,1934,Drama
Viva Villa!,1934,Western
The White Parade,1934,Drama
Holiday Land,1934,Animation
Jolly Little Elves,1934,Music
The Tortoise and the Hare,1934,Animation
Hide-Out,1934,Comedy
Manhattan Melodrama,1934,Crime
The Richest Girl in the World,1934,Comedy
Mutiny on the Bounty,1935,Adventure
The Informer,1935,Crime
Black Fury,1935,Drama
Escape Me Never,1935,Drama
Private Worlds,1935,Drama
Dangerous,1935,Drama
Alice Adams,1935,Romance
Becky Sharp,1935,Drama
The Dark Angel,1935,Romance
Captain Blood,1935,Adventure
The Lives of a Bengal Lancer,1935,Adventure
Broadway Melody of 1936,1935,Music
David Copperfield,1935,Drama
Les Miserables,1935,Drama
A Midsummer Night's Dream,1935,Fantasy
Naughty Marietta,1935,Music
Ruggles of Red Gap,1935,Comedy
Top Hat,1935,Music
The Calico Dragon,1935,Animation
Three Orphan Kittens,1935,Animation
Who Killed Cock Robin?,1935,Family
G-Men,1935,Crime
The Gay Deception,1935,Comedy
The Scoundrel,1935,Drama
Mr. Deeds Goes to Town,1936,Comedy
Dodsworth,1936,Drama
The Story of Louis Pasteur,1936,Drama
My Man Godfrey,1936,Comedy
San Francisco,1936,Drama
Come and Get It,1936,Drama
Pigskin Parade,1936,Comedy
Romeo and Juliet,1936,Drama
The General Died at Dawn,1936,Drama
Theodora Goes Wild,1936,Comedy
Valiant Is the Word for Carrie,1936,Drama
The Great Ziegfeld,1936,Music
The Gorgeous Hussy,1936,Drama
These Three,1936,Drama
Anthony Adverse,1936,Drama
Libeled Lady,1936,Comedy
A Tale of Two Cities,1936,History
Three Smart Girls,1936,Comedy
The Country Cousin,1936,Animation
Old Mill Pond,1936,Animation
Sinbad the Sailor,1936,Animation
Fury,1936,Crime
After the Thin Man,1936,Comedy
Conquest,1937,History
A Star Is Born,1937,Drama
Night Must Fall,1937,Mystery
The Life of Emile Zola,1937,Drama
Captains Courageous,1937,Adventure
The Awful Truth,1937,Comedy
The Hurricane,1937,Action
Lost Horizon,1937,Adventure
Topper,1937,Comedy
Camille,1936,Drama
The Good Earth,1937,Drama
Stella Dallas,1937,Drama
In Old Chicago,1938,Drama
Stage Door,1937,Comedy
Dead End,1937,Crime
One Hundred Men and a Girl,1937,Comedy
Educated Fish,1937,Animation
The Little Match Girl,1937,Animation
The Old Mill,1937,Animation
Black Legion,1937,Crime
Algiers,1938,Drama
Angels with Dirty Faces,1938,Crime
The Citadel,1938,Drama
Pygmalion,1938,Comedy
Boys Town,1938,Drama
Kentucky,1938,Drama
Four Daughters,1938,Drama
Marie Antoinette,1938,Drama
If I Were King,1938,Adventure
White Banners,1938,Drama
Jezebel,1938,Drama
Three Comrades,1938,Drama
Of Human Hearts,1938,Drama
Merrily We Live,1938,Comedy
You Can't Take It with You,1938,Comedy
The Great Waltz,1938,Drama
The Adventures of Robin Hood,1938,Adventure
Alexander's Ragtime Band,1938,Music
Grand Illusion,1937,Drama
Test Pilot,1938,Drama
Brave Little Tailor,1938,Animation
Ferdinand the Bull,1938,Animation
Good Scouts,1938,Animation
Hunky and Spunky,1938,Animation
Mother Goose Goes Hollywood,1938,Animation
Blockade,1938,War
Mad about Music,1938,Comedy
"Goodbye, Mr. Chips",1939,Drama
Gone with the Wind,1939,Drama
Wuthering Heights,1939,Drama
Babes in Arms,1939,Comedy
Mr. Smith Goes to Washington,1939,Comedy
Juarez,1939,Drama
Beau Geste,1939,Adventure
Stagecoach,1939,Western
Dark Victory,1939,Drama
Love Affair,1939,Drama
Ninotchka,1939,Comedy
Drums along the Mohawk,1939,Drama
Of Mice and Men,1939,Drama
The Wizard of Oz,1939,Adventure
Detouring America,1939,Animation
Peace on Earth,1939,Animation
The Pointer,1939,Animation
The Ugly Duckling,1939,Animation
Bachelor Mother,1939,Comedy
Young Mr. Lincoln,1939,Drama
The Great Dictator,1940,Comedy
The Grapes of Wrath,1940,Drama
Abe Lincoln in Illinois,1940,Drama
Rebecca,1940,Mystery
The Philadelphia Story,1940,Comedy
Foreign Correspondent,1940,Thriller
The Westerner,1940,Western
They Knew What They Wanted,1940,Drama
The Letter,1940,Crime
Kitty Foyle,1940,Drama
Our Town,1940,Drama
"All This, and Heaven Too",1940,Drama
Primrose Path,1940,Drama
The Long Voyage Home,1940,Drama
The Milky Way,1940,Animation
Puss Gets the Boot,1940,Animation
A Wild Hare,1940,Animation
"Arise, My Love",1940,Comedy
Comrade X,1940,Comedy
"Edison, the Man",1940,History
My Favorite Wife,1940,Comedy
Sergeant York,1941,War
Penny Serenade,1941,Drama
All That Money Can Buy,1941,Drama
Here Comes Mr. Jordan,1941,Comedy
Citizen Kane,1941,Mystery
The Devil and Miss Jones,1941,Comedy
How Green Was My Valley,1941,Drama
The Maltese Falcon,1941,Mystery
The Little Foxes,1941,Drama
Hold Back the Dawn,1941,Drama
Suspicion,1941,Mystery
Blossoms in the Dust,1941,Drama
Ball of Fire,1941,Comedy
The Great Lie,1941,Drama
One Foot in Heaven,1941,Drama
Boogie Woogie Bugle Boy of Company B,1941,Animation
Hiawatha's Rabbit Hunt,1941,Animation
How War Came,1941,Animation
Lend a Paw,1941,Family
The Night before Christmas,1941,Animation
Rhapsody in Rivets,1941,Animation
Rhythm in the Ranks,1941,Animation
The Rookie Bear,1941,Animation
Superman,1941,Action
Truant Officer Donald,1941,Animation
The Lady Eve,1941,Comedy
Meet John Doe,1941,Drama
Night Train,1940,Drama
Yankee Doodle Dandy,1942,Drama
Random Harvest,1942,Romance
The Pride of the Yankees,1942,Drama
Mrs. Miniver,1942,Drama
The Pied Piper,1942,Drama
Wake Island,1942,War
Johnny Eager,1941,Crime
Tortilla Flat,1942,Comedy
"Now, Voyager",1942,Romance
Woman of the Year,1942,Comedy
My Sister Eileen,1942,Comedy
The Magnificent Ambersons,1942,Drama
Kings Row,1942,Romance
The Invaders,1941,War
The Talk of the Town,1942,Comedy
All Out for 'V',1942,Animation
Blitz Wolf,1942,Animation
Der Fuehrer's Face,1942,Animation
Juke Box Jamboree,1942,Animation
Pigs in a Polka,1942,Animation
Tulips Shall Grow,1942,Animation
Holiday Inn,1942,Comedy
Casablanca,1943,Drama
For Whom the Bell Tolls,1943,War
Watch on the Rhine,1943,Drama
Madame Curie,1943,Drama
The Human Comedy,1943,Drama
The Song of Bernadette,1943,Drama
The More the Merrier,1943,Comedy
Sahara,1943,Adventure
The Constant Nymph,1943,Drama
So Proudly We Hail!,1943,War
Heaven Can Wait,1943,Comedy
In Which We Serve,1942,Drama
The Ox-Bow Incident,1943,Western
The Dizzy Acrobat,1943,Animation
The 500 Hats of Bartholomew Cubbins,1943,Animation
Greetings Bait!,1943,Animation
Imagination,1943,Animation
Reason and Emotion,1943,Animation
Yankee Doodle Mouse,1943,Animation
Action in the North Atlantic,1943,War
Destination Tokyo,1943,War
Shadow of a Doubt,1943,Thriller
Holy Matrimony,1943,Comedy
Gaslight,1944,Thriller
Going My Way,1944,Drama
None but the Lonely Heart,1944,Drama
Wilson,1944,Drama
The Seventh Cross,1944,Drama
Mr. Skeffington,1944,Drama
Laura,1944,Drama
Since You Went Away,1944,Drama
Mrs. Parkington,1944,Drama
Double Indemnity,1944,Crime
Dragon Seed,1944,Drama
Lifeboat,1944,War
And to Think I Saw It on Mulberry Street,1944,Animation
"Dog, Cat and Canary",1944,Animation
Fish Fry,1944,Animation
How to Play Football,1944,Animation
Mouse Trouble,1944,Animation
My Boy Johnny,1944,Animation
Swooner Crooner,1944,Animation
A Guy Named Joe,1944,Drama
None Shall Escape,1944,War
The Sullivans,1944,Drama
Meet Me in St. Louis,1944,Comedy
The Bells of St. Mary's,1945,Drama
Anchors Aweigh,1945,Music
The Lost Weekend,1945,Drama
The Keys of the Kingdom,1944,Drama
A Song to Remember,1945,Romance
Spellbound,1945,Thriller
The Corn Is Green,1945,Drama
A Tree Grows in Brooklyn,1945,Drama
G. I. Joe,1945,Drama
A Medal for Benny,1945,Drama
Mildred Pierce,1945,Crime
The Valley of Decision,1945,Drama
Love Letters,1945,Drama
Leave Her to Heaven,1945,Drama
The Picture of Dorian Gray,1945,Drama
National Velvet,1945,Drama
The Southerner,1945,Drama
Donald's Crime,1945,Animation
Jasper and the Beanstalk,1945,Animation
Life with Feathers,1945,Animation
Mighty Mouse in Gypsy Life,1945,Animation
The Poet and Peasant,1945,Animation
Quiet Please!,1945,Animation
Rippling Romance,1945,Animation
The Affairs of Susan,1945,Comedy
The House on 92nd Street,1945,Thriller
"Objective, Burma!",1945,War
Pride of the Marines,1945,Drama
The Best Years of Our Lives,1946,Drama
Henry V,1944,History
The Jolson Story,1946,Drama
The Yearling,1946,Drama
It's a Wonderful Life,1946,Drama
The Green Years,1946,Drama
Notorious,1946,Thriller
The Razor's Edge,1946,Drama
To Each His Own,1946,Drama
Brief Encounter,1945,Drama
Duel in the Sun,1946,Western
Sister Kenny,1946,Drama
The Spiral Staircase,1946,Horror
Saratoga Trunk,1945,Drama
Anna and the King of Siam,1946,Drama
The Killers,1946,Crime
The Cat Concerto,1946,Animation
Chopin's Musical Moments,1946,Animation
John Henry and the Inky Poo,1946,Animation
Squatter's Rights,1946,Animation
Walky Talky Hawky,1946,Animation
The Dark Mirror,1946,Thriller
The Strange Love of Martha Ivers,1946,Drama
The Stranger,1946,Thriller
Vacation from Marriage,1946,Drama
Open City,1945,Drama
A Double Life,1947,Drama
Body and Soul,1947,Drama
Gentleman's Agreement,1947,Drama
Life with Father,1947,Comedy
Mourning Becomes Electra,1947,Drama
The Farmer's Daughter,1947,Comedy
Ride the Pink Horse,1947,Drama
Miracle on 34th Street,1947,Comedy
Crossfire,1947,Crime
Kiss of Death,1947,Crime
Possessed,1947,Drama
Smash-Up--The Story of a Woman,1947,Drama
The Paradine Case,1947,Drama
The Egg and I,1947,Comedy
The Bishop's Wife,1947,Comedy
Great Expectations,1946,Drama
Chip An' Dale,1947,Animation
Dr. Jekyll and Mr. Mouse,1947,Animation
Pluto's Blue Note,1947,Animation
Tubby the Tuba,1947,Animation
Tweetie Pie,1947,Animation
A Cage of Nightingales,1945,Music
It Happened on Fifth Avenue,1947,Comedy
Boomerang!,1947,Drama
Johnny Belinda,1948,Drama
The Search,1948,Drama
When My Baby Smiles at Me,1948,Music
Hamlet,1948,Drama
Sitting Pretty,1948,Comedy
Joan of Arc,1948,Drama
I Remember Mama,1948,Family
The Treasure of the Sierra Madre,1948,Adventure
The Luck of the Irish,1948,Fantasy
The Snake Pit,1948,Drama
"Sorry, Wrong Number",1948,Thriller
Key Largo,1948,Crime
The Red Shoes,1948,Drama
The Little Orphan,1948,Animation
Mickey and the Seal,1948,Animation
Mouse Wreckers,1948,Animation
Robin Hoodlum,1948,Comedy
Tea for Two Hundred,1948,Animation
Louisiana Story,1948,Adventure
The Naked City,1948,Crime
Red River,1948,Western
A Foreign Affair,1948,Romance
All the King's Men,1949,Drama
Champion,1949,Drama
Twelve O'Clock High,1949,War
The Hasty Heart,1949,Drama
Sands of Iwo Jima,1950,War
The Heiress,1949,Drama
Battleground,1949,Action
Pinky,1949,Drama
My Foolish Heart,1950,Drama
"Edward, My Son",1949,Drama
Come to the Stable,1949,Comedy
The Fallen Idol,1948,Drama
A Letter to Three Wives,1949,Romance
Canary Row,1949,Animation
For Scent-Imental Reasons,1949,Animation
Hatch Up Your Troubles,1949,Animation
The Magic Fluke,1949,Animation
Toy Tinkers,1949,Animation
It Happens Every Spring,1949,Comedy
The Stratton Story,1949,Drama
White Heat,1949,Crime
The Bicycle Thief,1948,Drama
The Magnificent Yankee,1950,Drama
Cyrano de Bergerac,1950,Romance
Sunset Blvd.,1950,Drama
Harvey,1950,Comedy
Father of the Bride,1950,Comedy
Broken Arrow,1950,Western
Mister 880,1950,Comedy
The Asphalt Jungle,1950,Crime
All about Eve,1950,Drama
Born Yesterday,1950,Comedy
Caged,1950,Crime
The Third Man,1949,Thriller
King Solomon's Mines,1950,Adventure
Gerald McBoing-Boing,1950,Animation
Jerry's Cousin,1950,Animation
Trouble Indemnity,1950,Animation
Bitter Rice,1949,Drama
The Gunfighter,1950,Western
Mystery Street,1950,Crime
Panic in the Streets,1950,Thriller
When Willie Comes Marching Home,1950,Comedy
The Walls of Malapaga,1950,Drama
The African Queen,1952,Romance
A Streetcar Named Desire,1951,Drama
A Place in the Sun,1951,Drama
Bright Victory,1951,Drama
Death of a Salesman,1951,Drama
Quo Vadis,1951,Drama
Come Fill the Cup,1951,Drama
Detective Story,1951,Crime
The Blue Veil,1951,Drama
The Mating Season,1951,Comedy
An American in Paris,1951,Music
Decision before Dawn,1951,War
"Lambert, the Sheepish Lion",1951,Animation
Rooty Toot Toot,1951,Animation
The Two Mouseketeers,1951,Animation
Bullfighter and the Lady,1951,Drama
The Frogmen,1951,Action
Here Comes the Groom,1951,Comedy
Seven Days to Noon,1951,Thriller
Teresa,1951,Drama
La Ronde,1950,Romance
Rashomon,1950,Crime
Viva Zapata!,1952,History
High Noon,1952,Western
The Bad and the Beautiful,1952,Drama
Moulin Rouge,1952,Drama
The Lavender Hill Mob,1951,Comedy
My Cousin Rachel,1952,Mystery
The Big Sky,1952,Adventure
The Quiet Man,1952,Romance
Sudden Fear,1952,Thriller
"Come Back, Little Sheba",1953,Drama
The Star,1952,Drama
The Member of the Wedding,1952,Drama
With a Song in My Heart,1952,Music
Singin' in the Rain,1952,Comedy
Five Fingers,1952,Thriller
The Greatest Show on Earth,1952,Drama
Ivanhoe,1952,Adventure
Johann Mouse,1952,Animation
Little Johnny Jet,1952,Animation
Madeline,1952,Animation
Pink and Blue Blues,1952,Animation
Romance of Transportation,1952,History
My Son John,1952,Drama
The Narrow Margin,1952,Thriller
The Pride of St. Louis,1952,Drama
The Sniper,1952,Crime
The Man in the White Suit,1951,Comedy
Forbidden Games,1952,Drama
Julius Caesar,1953,Drama
The Robe,1953,Drama
From Here to Eternity,1953,War
Stalag 17,1953,Comedy
Roman Holiday,1953,Romance
Shane,1953,Drama
Lili,1953,Romance
Mogambo,1953,Adventure
The Moon Is Blue,1953,Comedy
Hondo,1953,Western
Torch Song,1953,Music
Pickup on South Street,1953,Thriller
Christopher Crumpet,1953,Animation
From A to Z-Z-Z-Z,1953,Animation
Rugged Bear,1953,Animation
The Tell Tale Heart,1953,Animation
"Toot, Whistle, Plunk and Boom",1953,Animation
Above and Beyond,1953,Action
The Captain's Paradise,1953,Romance
Little Fugitive,1953,Drama
The Cruel Sea,1953,Drama
The Caine Mutiny,1954,Drama
On the Waterfront,1954,Crime
The Country Girl,1954,Drama
A Star Is Born,1954,Drama
Adventures of Robinson Crusoe,1954,Adventure
The Barefoot Contessa,1954,Drama
Carmen Jones,1954,Drama
Sabrina,1954,Comedy
Magnificent Obsession,1954,Drama
Executive Suite,1954,Drama
Broken Lance,1954,Adventure
The High and the Mighty,1954,Action
Rear Window,1954,Thriller
Seven Brides for Seven Brothers,1954,Comedy
Three Coins in the Fountain,1954,Drama
Crazy Mixed Up Pup,1954,Animation
Pigs Is Pigs,1954,Animation
Sandy Claws,1954,Animation
Touché Pussy Cat,1954,Animation
When Magoo Flew,1954,Animation
"Bread, Love and Dreams",1953,Romance
Forbidden Games,1952,Drama
Night People,1954,Drama
There's No Business Like Show Business,1954,Music
Gate of Hell,1953,Drama
Marty,1955,Drama
Love Me or Leave Me,1955,Music
East of Eden,1955,Drama
The Man with the Golden Arm,1955,Drama
Bad Day at Black Rock,1955,Thriller
Trial,1955,Drama
Mister Roberts,1955,Comedy
Rebel without a Cause,1955,Drama
Picnic,1955,Drama
I'll Cry Tomorrow,1955,Drama
Summertime,1955,Drama
Love Is a Many-Splendored Thing,1955,Drama
The Rose Tattoo,1955,Drama
Interrupted Melody,1955,Drama
Pete Kelly's Blues,1955,Crime
Good Will to Men,1955,Animation
The Legend of Rock-a-bye Point,1955,Animation
No Hunting,1955,Animation
Speedy Gonzales,1955,Animation
The Private War of Major Benson,1955,Comedy
The Sheep Has Five Legs,1955,Comedy
Strategic Air Command,1955,Action
Blackboard Jungle,1955,Crime
"Samurai, The Legend of Musashi",1955,Drama
The King and I,1956,Romance
Giant,1956,Drama
Lust for Life,1956,Drama
Richard III,1955,Drama
Bus Stop,1956,Comedy
Friendly Persuasion,1956,Drama
The Bold and the Brave,1956,Drama
Written on the Wind,1956,Drama
Baby Doll,1956,Drama
Anastasia,1956,Drama
The Rainmaker,1956,Romance
The Bad Seed,1956,Thriller
Around the World in 80 Days,1956,Adventure
War and Peace,1956,War
The Captain of Kopenick,1956,Comedy
Gervaise,1956,Romance
Harp of Burma,1956,War
La Strada,1954,Drama
Qivitoq,1956,Adventure
The Ten Commandments,1956,Drama
Gerald McBoing-Boing on Planet Moo,1956,Animation
The Jaywalker,1956,Animation
Mister Magoo's Puddle Jumper,1956,Comedy
The Brave One,1956,Family
The Eddy Duchin Story,1956,Drama
High Society,1956,Music
The Proud and the Beautiful,1956,Drama
Umberto D.,1956,Drama
Sayonara,1957,Drama
A Hatful of Rain,1957,Drama
The Bridge on the River Kwai,1957,Drama
Witness for the Prosecution,1957,Drama
Wild Is the Wind,1957,Drama
A Farewell to Arms,1957,Drama
Peyton Place,1957,Drama
"Heaven Knows, Mr. Allison",1957,Adventure
Raintree County,1957,Romance
The Three Faces of Eve,1957,Drama
The Bachelor Party,1957,Drama
12 Angry Men,1957,Drama
The Devil Came at Night,1957,Drama
Gates of Paris,1957,Drama
Mother India,1957,Drama
The Nights of Cabiria,1957,Drama
Nine Lives,1957,Action
Birds Anonymous,1957,Animation
One Droopy Knight,1957,Animation
Tabasco Road,1957,Animation
Trees and Jamaica Daddy,1957,Animation
The Truth about Mother Goose,1957,Animation
The Defiant Ones,1958,Crime
Cat on a Hot Tin Roof,1958,Drama
Separate Tables,1958,Drama
The Old Man and the Sea,1958,Adventure
The Brothers Karamazov,1958,Drama
The Big Country,1958,Drama
Some Came Running,1958,Drama
Teacher's Pet,1958,Comedy
I Want to Live!,1958,Drama
Auntie Mame,1958,Comedy
Lonelyhearts,1959,Drama
Gigi,1958,Comedy
The Inn of the Sixth Happiness,1958,War
Arms and the Man,1958,Comedy
La Venganza,1958,Drama
My Uncle,1958,Comedy
The Road a Year Long,1958,Drama
The Usual Unidentified Thieves,1958,Comedy
Knighty Knight Bugs,1958,Animation
Paul Bunyan,1958,Family
Sidney's Family Tree,1958,Animation
The Horse's Mouth,1958,Comedy
Room at the Top,1958,Drama
Ben-Hur,1959,History
Some Like It Hot,1959,Comedy
The Last Angry Man,1959,Drama
Anatomy of a Murder,1959,Crime
The Young Philadelphians,1959,Drama
The Diary of Anne Frank,1959,Drama
Pillow Talk,1959,Comedy
The Nun's Story,1959,Drama
"Suddenly, Last Summer",1959,Thriller
Imitation of Life,1959,Drama
Black Orpheus,1959,Drama
The Bridge,1959,Drama
The Great War,1959,Comedy
Paw,1959,Family
The Village on the River,1958,Drama
Mexicali Shmoes,1959,Animation
Moonbird,1959,Animation
Noah's Ark,1959,Animation
The Violinist,1959,Animation
Sons and Lovers,1960,Drama
Elmer Gantry,1960,Drama
The Apartment,1960,Comedy
The Entertainer,1960,Drama
Inherit the Wind,1960,Drama
"Murder, Inc.",1960,Crime
Exodus,1960,Drama
Spartacus,1960,History
The Alamo,1960,War
Sunrise at Campobello,1960,Drama
The Sundowners,1960,Drama
Never on Sunday,1960,Comedy
Butterfield 8,1960,Drama
The Dark at the Top of the Stairs,1960,Drama
Psycho,1960,Horror
Kapo,1960,Drama
La Vérité,1960,Drama
Macario,1960,Drama
The Ninth Circle,1960,Drama
The Virgin Spring,1960,Drama
Goliath II,1960,Animation
High Note,1960,Animation
Mouse and Garden,1960,Animation
Munro,1960,Animation
A Place in the Sun,1960,Animation
Tunes of Glory,1960,Drama
Fanny,1961,Drama
The Hustler,1961,Drama
Judgment at Nuremberg,1961,Drama
The Mark,1961,Drama
West Side Story,1961,Crime
Pocketful of Miracles,1961,Comedy
Breakfast at Tiffany's,1961,Comedy
Two Women,1960,Drama
Summer and Smoke,1961,Drama
Splendor in the Grass,1961,Drama
The Children's Hour,1961,Drama
The Roman Spring of Mrs. Stone,1961,Drama
The Guns of Navarone,1961,War
La Dolce Vita,1960,Comedy
Harry and the Butler,1961,Family
Immortal Love,1961,Drama
The Important Man,1961,Drama
Placido,1962,Comedy
Through a Glass Darkly,1961,Drama
Aquamania,1961,Animation
Beep Prepared,1961,Animation
Ersatz (The Substitute),1961,Comedy
Nelly's Folly,1961,Animation
The Pied Piper of Guadalupe,1961,Animation
Birdman of Alcatraz,1962,Drama
Days of Wine and Roses,1963,Drama
Divorce--Italian Style,1961,Comedy
Lawrence of Arabia,1962,Adventure
To Kill a Mockingbird,1962,Drama
Sweet Bird of Youth,1962,Drama
What Ever Happened to Baby Jane?,1962,Drama
Billy Budd,1962,Drama
The Miracle Worker,1962,Drama
Long Day's Journey into Night,1962,Drama
The Manchurian Candidate,1962,Thriller
David and Lisa,1962,Drama
Electra,1962,Action
The Four Days of Naples,1962,Drama
Keeper of Promises (The Given Word),1962,Drama
Sundays and Cybele,1962,Drama
Tlayucan,1962,Comedy
The Longest Day,1962,War
Meredith Willson's The Music Man,1962,Music
Mutiny on the Bounty,1962,Adventure
The Hole,1962,Animation
Icarus Montgolfier Wright,1962,Science Fiction
Now Hear This,1962,Animation
Self Defense--For Cowards,1962,Animation
Symposium on Popular Songs,1962,Animation
Lolita,1962,Drama
Tom Jones,1963,Comedy
This Sporting Life,1963,Drama
Cleopatra,1963,Drama
Hud,1963,Drama
Lilies of the Field,1963,Comedy
Twilight of Honor,1963,Drama
"Captain Newman, M.D.",1963,Comedy
The Cardinal,1963,Drama
The L-Shaped Room,1963,Drama
Irma La Douce,1963,Romance
Love with the Proper Stranger,1963,Comedy
The V.I.P.s,1963,Drama
America America,1963,Drama
Federico Fellini's 8-1/2,1963,Drama
Knife in the Water,1962,Drama
Los Tarantos,1963,Romance
The Red Lanterns,1963,Drama
Twin Sisters of Kyoto,1963,Drama
How the West Was Won,1962,Western
Automania 2000,1964,Science Fiction
The Critic,1963,Animation
The Game (Igra),1963,Drama
My Financial Career,1963,Animation
Pianissimo,1963,Animation
Sundays and Cybele,1962,Drama
Becket,1964,Drama
My Fair Lady,1964,Comedy
Zorba the Greek,1964,Drama
Dr. Strangelove or: How I Learned to Stop Worrying and Love the Bomb,1964,Comedy
Seven Days in May,1964,Drama
The Best Man,1964,Drama
Topkapi,1964,Comedy
Mary Poppins,1964,Comedy
The Pumpkin Eater,1964,Drama
Marriage Italian Style,1964,Drama
The Unsinkable Molly Brown,1964,Comedy
Seance on a Wet Afternoon,1964,Crime
The Chalk Garden,1964,Drama
The Night of the Iguana,1964,Drama
Hush... Hush Sweet Charlotte,1964,Horror
Raven's End,1964,Drama
Sallah,1964,Comedy
The Umbrellas of Cherbourg,1964,Drama
Woman in the Dunes,1964,Drama
"Yesterday, Today and Tomorrow",1963,Comedy
Christmas Cracker,1963,Family
How to Avoid Friendship,1964,Animation
Nudnik #2,1964,Animation
The Pink Phink,1964,Animation
The Spy Who Came In from the Cold,1965,Drama
Cat Ballou,1965,Western
Othello,1965,Drama
The Pawnbroker,1965,Drama
Ship of Fools,1965,Drama
A Thousand Clowns,1965,Comedy
The Flight of the Phoenix,1965,Adventure
Doctor Zhivago,1965,Drama
The Sound of Music,1965,Drama
Darling,1965,Drama
The Collector,1965,Thriller
A Patch of Blue,1965,Drama
Inside Daisy Clover,1966,Drama
Woman in the Dunes,1965,Drama
Blood on the Land,1965,Drama
Dear John,1965,Drama
Kwaidan,1965,Horror
The Shop on Main Street,1965,Drama
Clay or The Origin of Species,1965,Animation
The Dot and the Line,1965,Animation
The Thieving Magpie (La Gazza Ladra),1965,Animation
The Russians Are Coming The Russians Are Coming,1966,Comedy
Who's Afraid of Virginia Woolf?,1966,Drama
Alfie,1966,Comedy
The Sand Pebbles,1966,Drama
A Man for All Seasons,1966,Drama
Georgy Girl,1966,Comedy
The Fortune Cookie,1966,Comedy
A Man and a Woman,1966,Drama
The Shop on Main Street,1965,Drama
Morgan!,1966,Comedy
Hawaii,1966,Drama
You're a Big Boy Now,1966,Comedy
Blow-Up,1966,Drama
The Professionals,1966,Western
The Battle of Algiers,1966,Drama
Loves of a Blonde,1965,Comedy
Pharaoh,1966,History
Three,1966,Drama
The Drag,1966,Animation
Herb Alpert and the Tijuana Brass Double Feature,1966,Animation
The Pink Blueprint,1966,Animation
Bonnie and Clyde,1967,Crime
The Graduate,1967,Drama
Cool Hand Luke,1967,Drama
In the Heat of the Night,1967,Crime
Guess Who's Coming to Dinner,1967,Drama
The Dirty Dozen,1967,Action
The Whisperers,1967,Drama
Wait until Dark,1967,Thriller
Thoroughly Modern Millie,1967,Comedy
Barefoot in the Park,1967,Comedy
In Cold Blood,1967,Crime
Closely Watched Trains,1966,Comedy
El Amor Brujo,1967,Drama
I Even Met Happy Gypsies,1967,Drama
Live for Life,1967,Drama
Portrait of Chieko,1967,Drama
Doctor Dolittle,1967,Music
The Box,1967,Animation
Hypothese Beta,1967,Animation
What on Earth!,1967,Animation
Ulysses,1967,Drama
The Heart Is a Lonely Hunter,1968,Drama
The Fixer,1968,Drama
Oliver!,1968,Drama
The Lion in Winter,1968,Drama
Charly,1968,Drama
The Subject Was Roses,1968,Drama
Faces,1968,Drama
Star!,1968,Drama
The Producers,1968,Comedy
Isadora,1968,Drama
Funny Girl,1968,Comedy
"Rachel, Rachel",1968,Drama
Rosemary's Baby,1968,Drama
The Battle of Algiers,1966,Drama
Romeo and Juliet,1968,Drama
2001: A Space Odyssey,1968,Science Fiction
The Boys of Paul Street,1968,Family
The Firemen's Ball,1967,Comedy
The Girl with the Pistol,1968,Comedy
Stolen Kisses,1968,Comedy
War and Peace,1968,History
The House That Jack Built,1968,Animation
The Magic Pear Tree,1968,Animation
Windy Day,1968,Animation
Winnie the Pooh and the Blustery Day,1968,Family
The Odd Couple,1968,Comedy
Anne of the Thousand Days,1969,Drama
Midnight Cowboy,1969,Drama
"Goodbye, Mr. Chips",1969,Drama
True Grit,1969,Western
The Reivers,1969,Comedy
Bob & Carol & Ted & Alice,1969,Comedy
Easy Rider,1969,Adventure
"They Shoot Horses, Don't They?",1969,Drama
The Sterile Cuckoo,1969,Comedy
The Happy Ending,1969,Drama
The Prime of Miss Jean Brodie,1969,Drama
Last Summer,1969,Drama
Cactus Flower,1969,Comedy
Alice's Restaurant,1969,Drama
Butch Cassidy and the Sundance Kid,1969,Adventure
Z,1969,Thriller
Ådalen '31,1969,Drama
The Battle of Neretva,1969,Drama
The Brothers Karamazov,1969,Drama
My Night at Maud's,1969,Romance
"Hello, Dolly!",1969,Comedy
It's Tough to Be a Bird,1969,Documentary
Of Men and Demons,1969,Animation
Walking,1968,Animation
"Goodbye, Columbus",1969,Comedy
I Never Sang for My Father,1970,Drama
The Great White Hope,1970,Drama
Five Easy Pieces,1970,Drama
Love Story,1970,Romance
Patton,1970,War
Lovers and Other Strangers,1970,Comedy
Little Big Man,1970,Western
Ryan's Daughter,1970,Romance
Women in Love,1969,Drama
Diary of a Mad Housewife,1970,Comedy
The Landlord,1970,Comedy
Airport,1970,Action
M*A*S*H,1970,Comedy
Fellini Satyricon,1969,Drama
First Love,1970,Drama
Hoa-Binh,1970,War
Investigation of a Citizen above Suspicion,1970,Drama
Paix Sur Les Champs,1970,Drama
Tristana,1970,Drama
The Further Adventures of Uncle Sam: Part Two,1970,Animation
Is It Always Right to Be Right?,1970,Animation
The Shepherd,1970,Animation
Sunday Bloody Sunday,1971,Drama
The French Connection,1971,Action
Kotch,1971,Comedy
The Hospital,1971,Comedy
Fiddler on the Roof,1971,Drama
The Last Picture Show,1971,Drama
Sometimes a Great Notion,1971,Action
McCabe & Mrs. Miller,1971,Western
Klute,1971,Thriller
"Mary, Queen of Scots",1971,Drama
Nicholas and Alexandra,1971,Drama
Carnal Knowledge,1971,Drama
Who Is Harry Kellerman and Why Is He Saying Those Terrible Things about Me?,1971,Comedy
The Go-Between,1971,Drama
A Clockwork Orange,1971,Science Fiction
Dodes'ka-Den,1970,Drama
The Emigrants,1971,Drama
The Garden of the Finzi Continis,1970,Drama
The Policeman,1971,Comedy
Tchaikovsky,1971,Drama
The Crunch Bird,1971,Comedy
Evolution,1971,Animation
The Selfish Giant,1971,Animation
The Conformist,1971,Drama
The Godfather,1972,Drama
Sleuth,1972,Thriller
The Ruling Class,1972,Comedy
Sounder,1972,Drama
The Heartbreak Kid,1972,Romance
Cabaret,1972,Music
Lady Sings the Blues,1972,Drama
Travels with My Aunt,1972,Adventure
The Emigrants,1971,Drama
Butterflies Are Free,1972,Comedy
Pete 'n' Tillie,1972,Drama
Fat City,1972,Drama
The Poseidon Adventure,1972,Adventure
Deliverance,1972,Drama
The Dawns Here Are Quiet,1972,Drama
The Discreet Charm of the Bourgeoisie,1972,Comedy
I Love You Rosa,1972,Romance
My Dearest Señorita,1972,Drama
The New Land,1972,Drama
A Christmas Carol,1972,Animation
Kama Sutra Rides Again,1972,Animation
Tup Tup,1972,Animation
Last Tango in Paris,1972,Drama
Save the Tiger,1973,Drama
The Last Detail,1973,Drama
Serpico,1973,Crime
The Sting,1973,Comedy
Bang the Drum Slowly,1973,Drama
The Paper Chase,1973,Drama
The Exorcist,1973,Horror
A Touch of Class,1973,Comedy
Cinderella Liberty,1973,Drama
The Way We Were,1973,Drama
"Summer Wishes, Winter Dreams",1973,Drama
American Graffiti,1973,Comedy
Paper Moon,1973,Comedy
Cries and Whispers,1972,Drama
Day for Night,1973,Comedy
The House on Chelouche Street,1973,Drama
L'Invitation,1973,Comedy
The Pedestrian,1973,Drama
Turkish Delight,1973,Drama
Frank Film,1973,Animation
The Legend of John Henry,1973,Animation
Pulcinella,1973,Animation
Harry and Tonto,1974,Comedy
Murder on the Orient Express,1974,Drama
Lenny,1974,Drama
Chinatown,1974,Crime
The Godfather Part II,1974,Drama
The Towering Inferno,1974,Action
Thunderbolt and Lightfoot,1974,Comedy
Alice Doesn't Live Here Anymore,1974,Romance
Claudine,1974,Drama
A Woman under the Influence,1974,Drama
Days and Nights in the Forest,1970,Drama
Blazing Saddles,1974,Western
Amarcord,1973,Documentary
Cats' Play,1974,Drama
The Deluge,1974,History
"Lacombe, Lucien",1974,Drama
The Truce,1974,Romance
The Conversation,1974,Crime
Closed Mondays,1974,Animation
The Family That Dwelt Apart,1974,Animation
Hunger,1974,Animation
Voyage to Next,1974,Animation
Winnie the Pooh and Tigger Too,1974,Family
The Apprenticeship of Duddy Kravitz,1974,Drama
Young Frankenstein,1974,Comedy
The Sunshine Boys,1975,Comedy
One Flew over the Cuckoo's Nest,1975,Drama
Dog Day Afternoon,1975,Crime
The Man in the Glass Booth,1975,Drama
"Give 'em Hell, Harry!",1975,Drama
The Day of the Locust,1975,Drama
Shampoo,1975,Comedy
The Story of Adele H.,1975,Drama
Tommy,1975,Drama
Hedda,1975,Drama
Hester Street,1975,Drama
Nashville,1975,Drama
"Farewell, My Lovely",1975,Crime
Jacqueline Susann's Once Is Not Enough,1975,Drama
Amarcord,1975,Documentary
Barry Lyndon,1975,Drama
Dersu Uzala,1975,Adventure
Land of Promise,1975,Drama
Letters from Marusia,1975,Drama
Sandakan No. 8,1975,War
Scent of a Woman,1974,Comedy
Jaws,1975,Horror
Great,1975,Animation
Kick Me,1975,Animation
Monsieur Pointu,1976,Comedy
Sisyphus,1975,Animation
The Man Who Would Be King,1975,Adventure
Taxi Driver,1976,Crime
Network,1976,Drama
Seven Beauties,1975,Comedy
Rocky,1976,Drama
Marathon Man,1976,Thriller
All the President's Men,1976,Drama
"Cousin, Cousine",1975,Comedy
Carrie,1976,Horror
Face to Face,1967,Western
Voyage of the Damned,1976,Drama
Black and White in Color,1976,Drama
"Jacob, the Liar",1976,Comedy
Nights and Days,1976,Drama
Bound for Glory,1976,Music
Dedalo,1976,Animation
Leisure,1976,Animation
The Street,1977,Comedy
Fellini's Casanova,1976,Drama
The Seven-per-cent Solution,1976,Mystery
Annie Hall,1977,Comedy
Equus,1977,Drama
The Goodbye Girl,1977,Comedy
A Special Day,1977,Drama
Saturday Night Fever,1977,Music
The Turning Point,1977,Drama
Star Wars,1977,Adventure
Julia,1977,Drama
Close Encounters of the Third Kind,1977,Science Fiction
Looking for Mr. Goodbar,1977,Drama
Iphigenia,1977,Action
Madame Rosa,1977,Drama
Operation Thunderbolt,1977,Action
That Obscure Object of Desire,1977,Comedy
The Bead Game,1977,Animation
The Doonesbury Special,1977,Animation
Jimmy the C,1977,Animation
The Sand Castle,1977,Animation
I Never Promised You a Rose Garden,1977,Drama
"Oh, God!",1977,Fantasy
Heaven Can Wait,1978,Fantasy
The Buddy Holly Story,1978,Drama
The Deer Hunter,1978,Drama
The Boys from Brazil,1978,Drama
Coming Home,1978,Drama
Comes a Horseman,1978,Western
Midnight Express,1978,Drama
Autumn Sonata,1978,Drama
"Same Time, Next Year",1978,Comedy
An Unmarried Woman,1978,Drama
Interiors,1978,Drama
California Suite,1978,Comedy
Get Out Your Handkerchiefs,1978,Romance
The Glass Cell,1978,Drama
Hungarians,1978,Drama
Viva Italia!,1978,Comedy
Waltzing Regitze,1977,Comedy
White Bim Black Ear,1978,Drama
Oh My Darling,1978,Animation
Rip Van Winkle,1978,Animation
Special Delivery,1978,Animation
Bloodbrothers,1978,Drama
Kramer vs. Kramer,1979,Drama
The China Syndrome,1979,Drama
...And Justice for All,1979,Drama
All That Jazz,1979,Drama
Being There,1979,Comedy
Apocalypse Now,1979,Drama
The Rose,1979,Drama
The Black Stallion,1979,Family
Starting Over,1979,Comedy
Norma Rae,1979,Drama
Chapter Two,1979,Comedy
Breaking Away,1979,Drama
Manhattan,1979,Comedy
La Cage aux Folles,1978,Comedy
The Maids of Wilko,1979,Drama
Mama Turns a Hundred,1979,Comedy
A Simple Story,1978,Drama
The Tin Drum,1979,Drama
To Forget Venice,1979,Drama
Dream Doll,1979,Animation
Every Child,1979,Comedy
It's So Nice to Have a Wolf around the House,1979,Animation
A Little Romance,1979,Comedy
Raging Bull,1980,Drama
The Great Santini,1979,Drama
The Elephant Man,1980,Drama
Tribute,1980,Comedy
The Stunt Man,1980,Action
Ordinary People,1980,Drama
Melvin and Howard,1980,Comedy
Resurrection,1980,Drama
Private Benjamin,1980,Comedy
Gloria,1980,Crime
Coal Miner's Daughter,1980,Music
Inside Moves,1980,Drama
Tess,1979,Drama
Confidence,1980,Drama
Kagemusha (The Shadow Warrior),1980,Action
The Last Metro,1980,Drama
Moscow Does Not Believe in Tears,1980,Drama
The Nest,1980,Drama
All Nothing,1980,Animation
The Flying Tiger,1973,Action
History of the World in Three Minutes Flat,1980,Animation
Breaker Morant,1980,Drama
Reds,1981,Drama
On Golden Pond,1981,Drama
Atlantic City,1980,Crime
Arthur,1981,Comedy
Absence of Malice,1981,Drama
Only When I Laugh,1981,Comedy
Chariots of Fire,1981,Drama
Ragtime,1981,Drama
The French Lieutenant's Woman,1981,Drama
Raiders of the Lost Ark,1981,Adventure
The Boat Is Full,1981,Drama
Man of Iron,1981,Drama
Mephisto,1981,Drama
Muddy River,1981,Drama
Three Brothers,1981,Drama
Crac,1980,Animation
The Fly,1980,Animation
The Creation,1981,Animation
The Tender Tale of Cinderella Penguin,1981,Animation
Pennies from Heaven,1981,Drama
Prince of the City,1981,Drama
Tootsie,1982,Comedy
Gandhi,1982,Drama
Missing,1982,Drama
The Verdict,1982,Drama
My Favorite Year,1982,Comedy
The Best Little Whorehouse in Texas,1982,Comedy
An Officer and a Gentleman,1982,Drama
The World According to Garp,1982,Drama
Victor/Victoria,1982,Music
Frances,1982,Drama
Sophie's Choice,1982,Drama
Das Boot,1981,Drama
E.T. The Extra-Terrestrial,1982,Science Fiction
Alsino and the Condor,1982,Drama
Coup de Torchon ('Clean Slate'),1981,Comedy
The Flight of the Eagle,1982,Drama
Private Life,1982,Drama
Volver a Empezar ('To Begin Again'),1982,Drama
The Great Cognito,1982,Animation
The Snowman,1982,Adventure
Tango,1985,Animation
Educating Rita,1983,Drama
"Reuben, Reuben",1983,Drama
The Dresser,1983,Drama
Tender Mercies,1983,Drama
To Be or Not to Be,1983,Comedy
Terms of Endearment,1983,Drama
The Right Stuff,1983,Drama
Cross Creek,1983,Drama
Testament,1983,Drama
Silkwood,1983,Drama
The Big Chill,1983,Comedy
The Year of Living Dangerously,1982,Romance
Yentl,1983,Music
Fanny & Alexander,1982,Fantasy
Carmen,1983,Drama
Entre Nous,1983,Drama
Job's Revolt,1983,Drama
Le Bal,1983,Music
Mickey's Christmas Carol,1983,Family
Sound of Sunshine - Sound of Rain,1983,Animation
Sundae in New York,1983,Animation
Betrayal,1983,Drama
Amadeus,1984,History
Starman,1984,Science Fiction
Under the Volcano,1984,Drama
The Killing Fields,1984,Drama
A Soldier's Story,1984,Mystery
Places in the Heart,1984,Drama
The Karate Kid,1984,Action
"Greystoke: The Legend of Tarzan, Lord of the Apes",1984,Adventure
A Passage to India,1984,Drama
Country,1984,Drama
The Bostonians,1984,Drama
The River,1984,Drama
The Natural,1984,Drama
Swing Shift,1984,Drama
The Pope of Greenwich Village,1984,Action
Broadway Danny Rose,1984,Comedy
Beyond the Walls,1984,Drama
Camila,1984,Drama
Dangerous Moves,1984,Drama
Double Feature,1984,Drama
Wartime Romance,1984,Drama
Charade,1984,Animation
Doctor De Soto,1984,Animation
Paradise,1984,Comedy
Witness,1985,Crime
Murphy's Romance,1985,Comedy
Kiss of the Spider Woman,1985,Drama
Prizzi's Honor,1985,Romance
Runaway Train,1985,Action
Cocoon,1985,Comedy
Out of Africa,1985,History
Jagged Edge,1985,Thriller
Agnes of God,1985,Drama
The Color Purple,1985,Drama
Sweet Dreams,1985,Drama
The Trip to Bountiful,1985,Drama
Twice in a Lifetime,1985,Drama
Ran,1985,Action
Angry Harvest,1985,Drama
Colonel Redl,1985,Drama
The Official Story,1985,Drama
Three Men and a Cradle,1985,Comedy
When Father Was Away on Business,1985,Drama
Anna & Bella,1985,Animation
The Big Snit,1985,Animation
Second Class Mail,1985,Animation
Round Midnight,1986,Drama
Mona Lisa,1986,Crime
Children of a Lesser God,1986,Drama
The Color of Money,1986,Drama
Salvador,1986,Drama
Platoon,1986,Drama
Hannah and Her Sisters,1986,Comedy
A Room with a View,1986,Drama
Hoosiers,1986,Drama
The Morning After,1986,Thriller
Crimes of the Heart,1986,Comedy
Peggy Sue Got Married,1986,Comedy
Aliens,1986,Action
Blue Velvet,1986,Mystery
The Mission,1986,Adventure
The Assault,1986,War
Betty Blue,1986,Drama
The Decline of the American Empire,1986,Comedy
My Sweet Little Village,1986,Comedy
38 - Vienna Before the Fall,1986,Drama
The Frog the Dog and the Devil,1986,Animation
A Greek Tragedy,1986,Animation
Luxo Jr.,1986,Animation
Stand by Me,1986,Crime
Wall Street,1987,Crime
Broadcast News,1987,Comedy
Dark Eyes,1987,Comedy
Ironweed,1987,Drama
"Good Morning, Vietnam",1987,Comedy
The Untouchables,1987,Crime
Street Smart,1987,Thriller
Moonstruck,1987,Comedy
Cry Freedom,1987,Drama
Fatal Attraction,1987,Thriller
Anna,1987,Drama
Gaby - A True Story,1987,Drama
Throw Momma from the Train,1987,Comedy
The Whales of August,1987,Drama
Hope and Glory,1987,Drama
The Last Emperor,1987,Drama
My Life as a Dog,1985,Drama
Au Revoir Les Enfants,1987,Drama
Babette's Feast,1987,Drama
Course Completed,1987,Drama
The Crazy Family,1984,Drama
Pathfinder,1987,Adventure
George and Rosemary,1987,Animation
The Man Who Planted Trees,1987,Animation
Your Face,1987,Music
The Dead,1987,Drama
Full Metal Jacket,1987,Drama
Mississippi Burning,1988,Drama
Big,1988,Fantasy
Rain Man,1988,Drama
Stand and Deliver,1988,Drama
Pelle the Conqueror,1987,Drama
Little Dorrit,1987,Drama
The Family,1987,Drama
A Fish Called Wanda,1988,Comedy
Tucker The Man and His Dream,1988,Drama
Running on Empty,1988,Drama
Married to the Mob,1988,Comedy
Dangerous Liaisons,1988,Drama
A Cry in the Dark,1988,Drama
The Accused,1988,Crime
Working Girl,1988,Comedy
Evil Angels,1988,Drama
Gorillas in the Mist,1988,Drama
The Accidental Tourist,1988,Comedy
The Last Temptation of Christ,1988,Drama
Hanussen,1988,Science Fiction
The Music Teacher,1988,Music
Salaam Bombay!,1988,Crime
Women on the Verge of a Nervous Breakdown,1988,Comedy
The Cat Came Back,1988,Music
Technological Threat,1988,Animation
Tin Toy,1988,Animation
The Unbearable Lightness of Being,1988,Drama
Henry V,1989,War
Born on the Fourth of July,1989,Drama
My Left Foot,1989,Drama
Driving Miss Daisy,1989,Drama
Dead Poets Society,1989,Drama
Do the Right Thing,1989,Drama
A Dry White Season,1989,Drama
Crimes and Misdemeanors,1989,Comedy
Glory,1989,Drama
Camille Claudel,1988,Drama
Shirley Valentine,1989,Romance
Music Box,1989,Drama
The Fabulous Baker Boys,1989,Comedy
Enemies A Love Story,1989,Comedy
Steel Magnolias,1989,Comedy
Parenthood,1989,Comedy
Cinema Paradiso,1988,Drama
Jesus of Montreal,1989,Drama
Waltzing Regitze,1989,Drama
What Happened to Santiago,1989,Comedy
Field of Dreams,1989,Drama
Balance,1989,Drama
The Cow,1989,Animation
The Hill Farm,1989,Animation
Dances With Wolves,1990,Adventure
Awakenings,1990,Drama
Cyrano de Bergerac,1990,Drama
The Field,1990,Drama
Reversal of Fortune,1990,Drama
Longtime Companion,1989,Drama
The Godfather Part III,1990,Crime
Dick Tracy,1990,Adventure
Good Fellas,1990,Drama
Misery,1990,Drama
The Grifters,1990,Crime
Pretty Woman,1990,Romance
Postcards from the Edge,1990,Comedy
Mr. & Mrs. Bridge,1990,Drama
Ghost,1990,Fantasy
Wild at Heart,1990,Crime
Journey of Hope,1990,Drama
Ju Dou,1990,Drama
The Nasty Girl,1990,Comedy
Open Doors,1990,Drama
Creature Comforts,1990,Animation
A Grand Day Out,1990,Family
Grasshoppers (Cavallette),1990,Comedy
Bugsy,1991,Crime
Cape Fear,1991,Drama
The Silence of the Lambs,1991,Crime
The Prince of Tides,1991,Drama
The Fisher King,1991,Comedy
JFK,1991,Drama
Barton Fink,1991,Comedy
City Slickers,1991,Comedy
Thelma & Louise,1991,Drama
Rambling Rose,1991,Drama
For the Boys,1991,Drama
Fried Green Tomatoes,1991,Drama
Boyz N the Hood,1991,Crime
Children of Nature,1991,Romance
The Elementary School,1991,Comedy
Mediterraneo,1991,Comedy
The Ox,1991,Drama
Raise the Red Lantern,1991,Drama
Beauty and the Beast,1991,Romance
Blackfly,1991,Animation
Manipulation,1991,Animation
Strings,1991,Animation
Europa Europa,1990,History
Chaplin,1992,Drama
Unforgiven,1992,Western
Scent of a Woman,1992,Drama
The Crying Game,1992,Crime
Malcolm X,1992,Drama
A Few Good Men,1992,Drama
Glengarry Glen Ross,1992,Crime
Mr. Saturday Night,1992,Comedy
Indochine,1992,Drama
Passion Fish,1992,Drama
Love Field,1992,Drama
Lorenzo's Oil,1992,Drama
Howards End,1992,Drama
Husbands and Wives,1992,Comedy
Enchanted April,1991,Romance
Damage,1992,Drama
My Cousin Vinny,1992,Comedy
The Player,1992,Mystery
Close to Eden,1991,Drama
Daens,1992,Drama
A Place in the World,1992,Drama
Schtonk!,1992,Comedy
Adam,1992,Comedy
Mona Lisa Descending a Staircase,1992,Animation
"Reci, Reci, Reci... (Words, Words, Words)",1992,Animation
Screen Play,1992,Animation
The Sandman,1992,Horror
Bad Girl,1992,Drama
A River Runs through It,1992,Drama
In the Name of the Father,1993,Drama
What's Love Got to Do with It,1993,Drama
Philadelphia,1993,Drama
The Remains of the Day,1993,Drama
Schindler's List,1993,Drama
What's Eating Gilbert Grape,1993,Romance
The Fugitive,1993,Action
In the Line of Fire,1993,Action
Six Degrees of Separation,1993,Mystery
The Piano,1993,Drama
Shadowlands,1993,Drama
The Firm,1993,Drama
Fearless,1993,Drama
The Age of Innocence,1993,Drama
Short Cuts,1993,Drama
Belle Epoque,1992,Comedy
Farewell My Concubine,1993,Drama
Hedd Wyn,1993,War
The Scent of Green Papaya,1993,Drama
The Wedding Banquet,1993,Comedy
Blindscape,1993,Animation
The Mighty River,1993,Animation
Small Talk,1993,Animation
The Village,1993,Animation
The Wrong Trousers,1993,Animation
The Shawshank Redemption,1994,Drama
Forrest Gump,1994,Comedy
The Madness of King George,1994,Comedy
Nobody's Fool,1994,Drama
Pulp Fiction,1994,Thriller
Ed Wood,1994,Comedy
Bullets over Broadway,1994,Comedy
Quiz Show,1994,History
Nell,1994,Drama
Blue Sky,1994,Drama
Tom & Viv,1994,Drama
Little Women,1994,Drama
The Client,1994,Drama
Red,1994,Drama
Before the Rain,1994,Drama
Burnt by the Sun,1994,Drama
Eat Drink Man Woman,1994,Comedy
Farinelli: Il Castrato,1994,History
Strawberry and Chocolate,1993,Comedy
Four Weddings and a Funeral,1994,Comedy
The Big Story,1995,Animation
Bob's Birthday,1994,Comedy
The Janitor,1995,Animation
The Monk and the Fish,1994,Animation
Triangle,1994,Animation
Leaving Las Vegas,1995,Drama
Mr. Holland's Opus,1995,Drama
Nixon,1995,Drama
Dead Man Walking,1995,Drama
The Postman (Il Postino),1994,Comedy
Babe,1995,Fantasy
Apollo 13,1995,Drama
12 Monkeys,1995,Science Fiction
Rob Roy,1995,Adventure
The Usual Suspects,1995,Drama
Casino,1995,Crime
The Bridges of Madison County,1995,Drama
Sense and Sensibility,1995,Drama
Mighty Aphrodite,1995,Comedy
Georgia,1995,Drama
Braveheart,1995,Action
All Things Fair,1995,Drama
Antonia's Line,1995,Drama
Dust of Life,1995,Drama
O Quatrilho,1995,Drama
The Star Maker,1995,Drama
The Chicken from Outer Space,1995,Animation
A Close Shave,1996,Family
the end,1995,Animation
Gagarin,1995,Animation
Runaway Brain,1995,Animation
Jerry Maguire,1996,Comedy
The English Patient,1996,Drama
The People vs. Larry Flynt,1996,Drama
Shine,1996,Drama
Sling Blade,1996,Drama
Fargo,1996,Crime
Primal Fear,1996,Crime
Ghosts of Mississippi,1996,Drama
Secrets & Lies,1996,Drama
Marvin's Room,1996,Drama
Breaking the Waves,1996,Drama
The Crucible,1996,Drama
The Mirror Has Two Faces,1996,Comedy
The Portrait of a Lady,1996,Drama
A Chef in Love,1996,Drama
Kolya,1996,Drama
The Other Side of Sunday,1996,Drama
Prisoner of the Mountains,1996,Drama
Ridicule,1996,Comedy
Canhead,1996,Animation
La Salla,1996,Animation
Quest,1997,Animation
Wat's Pig,1996,Animation
Hamlet,1996,Drama
Trainspotting,1996,Drama
Good Will Hunting,1997,Drama
The Apostle,1997,Drama
Ulee's Gold,1997,Drama
Wag the Dog,1997,Comedy
As Good as It Gets,1997,Drama
Jackie Brown,1997,Crime
Amistad,1997,Drama
Boogie Nights,1997,Drama
The Wings of the Dove,1997,Drama
Afterglow,1997,Drama
Mrs. Brown,1997,Drama
Titanic,1997,Drama
L.A. Confidential,1997,Crime
In & Out,1997,Comedy
The Full Monty,1997,Comedy
The Sweet Hereafter,1997,Drama
Beyond Silence,1996,Drama
Character,1997,History
Four Days in September,1997,Thriller
Secrets of the Heart,1997,Drama
The Thief,1997,Drama
Famous Fred,1997,Comedy
Geri's Game,1997,Animation
La Vieille Dame et les Pigeons (The Old Lady and the Pigeons),1997,Animation
The Mermaid,1997,Animation
Redux Riding Hood,1997,Animation
Donnie Brasco,1997,Crime
Life Is Beautiful,1997,Comedy
Saving Private Ryan,1998,War
Gods and Monsters,1998,Drama
Affliction,1998,Crime
American History X,1998,Drama
A Civil Action,1998,Drama
The Truman Show,1998,Comedy
Shakespeare in Love,1998,Romance
A Simple Plan,1998,Crime
Elizabeth,1998,Drama
Central Station,1998,Drama
One True Thing,1998,Drama
Hilary and Jackie,1998,Drama
Primary Colors,1998,Drama
Little Voice,1998,Comedy
The Thin Red Line,1998,Drama
Children of Heaven,1998,Drama
The Grandfather,1998,Drama
Last Tango in Paris,1972,Drama
Bunny,1998,Animation
The Canterbury Tales,1998,Animation
Jolly Roger,1999,Animation
More,1998,Animation
When Life Departs,1998,Animation
Out of Sight,1998,Romance
The Insider,1999,Drama
The Straight Story,1999,Drama
Sweet and Lowdown,1999,Comedy
American Beauty,1999,Drama
The Hurricane,1999,Drama
The Cider House Rules,1999,Drama
Magnolia,1999,Drama
Under the Sun,1999,Drama
The Green Mile,1999,Fantasy
The Talented Mr. Ripley,1999,Thriller
The Sixth Sense,1999,Mystery
Tumbleweeds,1999,Comedy
The End of the Affair,1999,Romance
Music of the Heart,1999,Drama
Boys Don't Cry,1999,Crime
"Girl, Interrupted",1999,Drama
Being John Malkovich,1999,Comedy
All about My Mother,1999,Comedy
Caravan,1999,Documentary
East-West,1999,Drama
Solomon and Gaenor,1999,Drama
Rebirth of Mothra II,1997,Science Fiction
Humdrum,1999,Comedy
My Grandmother Ironed the King's Shirts,1999,Animation
The Old Man and the Sea,1999,Animation
3 Misses,1999,Animation
When the Day Breaks,1999,Animation
Election,1999,Comedy
Before Night Falls,2000,Drama
Gladiator,2000,Action
Cast Away,2000,Adventure
Pollock,2000,Drama
Quills,2000,Drama
The Contender,2000,Drama
Shadow of the Vampire,2000,Drama
Traffic,2000,Thriller
Erin Brockovich,2000,Drama
Chocolat,2000,Comedy
Requiem for a Dream,2000,Crime
You Can Count on Me,2000,Drama
Almost Famous,2000,Drama
Billy Elliot,2000,Drama
"Crouching Tiger, Hidden Dragon",2000,Adventure
Amores Perros,2000,Drama
Divided We Fall,2000,Comedy
Everybody Famous!,2000,Comedy
The Taste of Others,2000,Drama
Father and Daughter,2001,Animation
The Periwig-Maker,1999,Animation
Rejected,2000,Animation
"O Brother, Where Art Thou?",2000,Adventure
Wonder Boys,2000,Comedy
A Beautiful Mind,2001,Drama
I Am Sam,2001,Drama
Ali,2001,Drama
Training Day,2001,Action
In the Bedroom,2001,Drama
Iris,2001,Drama
Sexy Beast,2001,Crime
The Lord of the Rings: The Fellowship of the Ring,2001,Adventure
Monster's Ball,2001,Drama
Moulin Rouge!,2001,Drama
Bridget Jones's Diary,2001,Comedy
Gosford Park,2001,Drama
Jimmy Neutron: Boy Genius,2001,Family
"Monsters, Inc.",2001,Animation
Shrek,2001,Animation
Black Hawk Down,2001,Action
Mulholland Drive,2001,Thriller
Amélie,2001,Comedy
Elling,2001,Comedy
Lagaan,2001,Adventure
No Man's Land,2001,Action
Son of the Bride,2001,Comedy
Fifty Percent Grey,2001,Comedy
For the Birds,2000,Animation
Give Up Yer Aul Sins,2002,Animation
Strange Invaders,2001,Animation
Stubble Trouble,2001,Animation
Ghost World,2001,Comedy
The Pianist,2002,Drama
Adaptation,2002,Comedy
The Quiet American,2002,Romance
Gangs of New York,2002,Drama
About Schmidt,2002,Drama
The Hours,2002,Drama
Road to Perdition,2002,Crime
Chicago,2002,Comedy
Catch Me If You Can,2002,Drama
Frida,2002,Drama
Unfaithful,2002,Thriller
Far from Heaven,2002,Drama
Ice Age,2002,Animation
Lilo & Stitch,2002,Animation
Spirit: Stallion of the Cimarron,2002,Animation
Das Rad,2002,Animation
Spirited Away,2001,Animation
Treasure Planet,2002,Science Fiction
Talk to Her,2002,Drama
El Crimen del Padre Amaro,2002,Drama
Hero,2002,Drama
The Man without a Past,2002,Comedy
Nowhere in Africa,2001,Drama
Zus & Zo,2002,Comedy
The Lord of the Rings: The Two Towers,2002,Adventure
The Cathedral,2002,Science Fiction
The ChubbChubbs!,2002,Animation
The Sweet Hereafter,1997,Drama
Mike's New Car,2002,Animation
Mt. Head,2002,Animation
About a Boy,2002,Drama
Pirates of the Caribbean: The Curse of the Black Pearl,2003,Adventure
House of Sand and Fog,2003,Drama
Cold Mountain,2003,War
Lost in Translation,2003,Drama
Mystic River,2003,Thriller
The Cooler,2003,Romance
21 Grams,2003,Drama
In America,2003,Drama
The Last Samurai,2003,Drama
Whale Rider,2003,Drama
Something's Gotta Give,2003,Drama
Monster,2003,Crime
Pieces of April,2003,Comedy
Thirteen,2003,Drama
Brother Bear,2003,Adventure
Finding Nemo,2003,Animation
The Triplets of Belleville,2003,Animation
City of God,2002,Drama
The Lord of the Rings: The Return of the King,2003,Adventure
Master and Commander: The Far Side of the World,2003,Adventure
The Barbarian Invasions,2003,Comedy
Touch of Evil,1958,Crime
The Twilight Samurai,2003,Drama
Twin Sisters,2002,Romance
Zelary,2003,Drama
Seabiscuit,2003,Drama
Evil,2003,Drama
Boundin',2003,Animation
Destino,2003,Animation
Gone Nutty,2003,Animation
Harvie Krumpet,2003,Animation
Nibbles,2003,Animation
American Splendor,2003,Comedy
Hotel Rwanda,2004,Drama
Finding Neverland,2004,Drama
The Aviator,2004,Drama
Million Dollar Baby,2004,Drama
Ray,2004,Drama
Sideways,2004,Comedy
Collateral,2004,Drama
Closer,2004,Drama
Being Julia,2004,Comedy
Maria Full of Grace,2004,Drama
Vera Drake,2004,Drama
Eternal Sunshine of the Spotless Mind,2004,Science Fiction
Kinsey,2004,Drama
The Incredibles,2004,Action
Shark Tale,2004,Animation
Shrek 2,2004,Animation
As It Is in Heaven,2004,Romance
The Chorus (Les Choristes),2004,Drama
Downfall,2004,Drama
The Sea Inside,2004,Drama
Yesterday,2004,Drama
Birthday Boy,2004,Animation
Gopher Broke,2004,Animation
Guard Dog,2004,Animation
Lorenzo,2004,Animation
Ryan,2004,Documentary
Before Sunset,2004,Drama
The Motorcycle Diaries,2004,Drama
Capote,2005,Crime
Hustle & Flow,2005,Crime
Brokeback Mountain,2005,Drama
Walk the Line,2005,Drama
"Good Night, and Good Luck.",2005,Drama
Syriana,2005,Drama
Crash,2005,Drama
Cinderella Man,2005,Romance
A History of Violence,2005,Drama
Mrs. Henderson Presents,2005,Comedy
Transamerica,2005,Drama
Pride & Prejudice,2005,Drama
North Country,2005,Drama
Junebug,2005,Comedy
The Constant Gardener,2005,Drama
Howl's Moving Castle,2004,Fantasy
Tim Burton's Corpse Bride,2005,Romance
Wallace & Gromit in The Curse of the Were-Rabbit,2005,Adventure
Munich,2005,Drama
Don't Tell,2005,Drama
Joyeux Noël,2005,Drama
Paradise Now,2005,Crime
Sophie Scholl - The Final Days,2005,Drama
Tsotsi,2005,Crime
Badgered,2005,Animation
The Moon and the Son: An Imagined Conversation,2005,Animation
The Mysterious Geographic Explorations of Jasper Morello,2005,Adventure
9,2005,Animation
One Man Band,2005,Animation
Blood Diamond,2006,Drama
Half Nelson,2006,Drama
Venus,2006,Comedy
The Pursuit of Happyness,2006,Drama
The Last King of Scotland,2006,Drama
Little Miss Sunshine,2006,Comedy
Little Children,2006,Drama
Dreamgirls,2006,Drama
The Departed,2006,Drama
Volver,2006,Comedy
Notes on a Scandal,2006,Drama
The Queen,2006,Drama
The Devil Wears Prada,2006,Drama
Babel,2006,Drama
Cars,2006,Animation
Happy Feet,2006,Animation
Monster House,2006,Animation
Letters from Iwo Jima,2006,Action
United 93,2006,Drama
After the Wedding,2006,Drama
Days of Glory (Indigènes),2006,Drama
The Lives of Others,2006,Drama
Pan's Labyrinth,2006,Fantasy
Water,2005,Drama
The Danish Poet,2006,Animation
Lifted,2006,Family
The Little Matchgirl,2006,Animation
The Legend of Drunken Master,1994,Action
No Time for Nuts,2006,Adventure
Borat Cultural Learnings of America for Make Benefit Glorious Nation of Kazakhstan,2006,Comedy
Children of Men,2006,Science Fiction
Michael Clayton,2007,Drama
There Will Be Blood,2007,Drama
Sweeney Todd The Demon Barber of Fleet Street,2007,Drama
In the Valley of Elah,2007,History
Eastern Promises,2007,Thriller
The Assassination of Jesse James by the Coward Robert Ford,2007,Drama
No Country for Old Men,2007,Crime
Charlie Wilson's War,2007,Comedy
Into the Wild,2007,Adventure
Elizabeth: The Golden Age,2007,Drama
Away from Her,2007,Drama
La Vie en Rose,2007,Music
The Savages,2007,Drama
Juno,2007,Comedy
I'm Not There,2007,Drama
American Gangster,2007,Drama
Atonement,2007,Drama
Gone Baby Gone,2007,Crime
Persepolis,2007,Animation
Ratatouille,2007,Animation
Surf's Up,2007,Animation
The Diving Bell and the Butterfly,2007,Drama
Beaufort,2007,History
The Counterfeiters,2007,Drama
Katyn,2007,Drama
Mongol: The Rise of Genghis Khan,2007,History
12,2007,Crime
I Met the Walrus,2007,Documentary
Madame Tutli-Putli,2007,Animation
Même les Pigeons Vont au Paradis (Even Pigeons Go to Heaven),2007,Animation
My Love (Moya Lyubov),2007,Romance
Peter & the Wolf,2006,Animation
The Visitor,2008,Crime
Frost/Nixon,2008,Drama
Milk,2008,History
The Curious Case of Benjamin Button,2008,Drama
The Wrestler,2008,Drama
Tropic Thunder,2008,Action
Doubt,2008,Drama
The Dark Knight,2008,Action
Revolutionary Road,2008,Drama
Rachel Getting Married,2008,Drama
Changeling,2008,Crime
Frozen River,2008,Drama
The Reader,2008,Drama
Vicky Cristina Barcelona,2008,Drama
Bolt,2008,Animation
Kung Fu Panda,2008,Animation
The Never Ending Wall,2008,Documentary
Slumdog Millionaire,2008,Drama
The Baader Meinhof Complex,2008,Action
The Class,2007,Drama
Departures,2008,Drama
Revanche,2008,Crime
Waltz with Bashir,2008,Animation
La Maison en Petits Cubes,2008,Animation
Lavatory - Lovestory,2006,Animation
Oktapodi,2008,Animation
Presto,2008,Animation
WALL-E,2008,Animation
This Way Up,2008,Comedy
Crazy Heart,2009,Drama
Up in the Air,2009,Drama
A Single Man,2009,Drama
Invictus,2009,Drama
The Hurt Locker,2008,Drama
The Messenger,2009,Drama
The Last Station,2009,Drama
The Lovely Bones,2009,Fantasy
Inglourious Basterds,2009,Drama
The Blind Side,2009,Drama
An Education,2009,Drama
Precious: Based on the Novel 'Push' by Sapphire,2009,Drama
Julie & Julia,2009,Romance
Nine,2009,Drama
Coraline,2009,Animation
Fantastic Mr. Fox,2009,Adventure
The Princess and the Frog,2009,Animation
The Secret of Kells,2009,Animation
Up,2009,Animation
Avatar,2009,Action
Ajami,2009,Crime
The Milk of Sorrow,2009,Drama
A Prophet,2009,Crime
The Secret in Their Eyes,2009,Mystery
The White Ribbon,2009,Drama
District 9,2009,Science Fiction
A Serious Man,2009,Comedy
French Roast,2008,Animation
Granny O'Grimm's Sleeping Beauty,2009,Animation
The Lady and the Reaper (La Dama y la Muerte),2009,Animation
Logorama,2009,Animation
A Matter of Loaf and Death,2008,Family
In the Loop,2009,Comedy
Biutiful,2010,Drama
True Grit,2010,Drama
The Social Network,2010,Drama
The King's Speech,2010,Drama
127 Hours,2010,Adventure
The Fighter,2010,Drama
Winter's Bone,2010,Drama
The Town,2010,Crime
The Kids Are All Right,2010,Comedy
Rabbit Hole,2010,Drama
Black Swan,2010,Drama
Blue Valentine,2010,Drama
Animal Kingdom,2010,Crime
How to Train Your Dragon,2010,Fantasy
The Illusionist,2010,Animation
Toy Story 3,2010,Animation
Dogtooth,2009,Drama
In a Better World,2010,Drama
Incendies,2010,Drama
Outside the Law (Hors-la-loi),2010,Action
Inception,2010,Action
Day & Night,2010,Animation
The Gruffalo,2009,Animation
Let's Pollute,2009,Animation
The Lost Thing,2010,Animation
Madagascar a Journey Diary,2010,Animation
A Better Life,2011,Drama
The Descendants,2011,Comedy
The Artist,2011,Drama
Tinker Tailor Soldier Spy,2011,Drama
Moneyball,2011,Drama
My Week with Marilyn,2011,Drama
Warrior,2011,Drama
Beginners,2011,Drama
Extremely Loud & Incredibly Close,2011,Drama
Albert Nobbs,2011,Drama
The Help,2011,Drama
The Girl with the Dragon Tattoo,2011,Thriller
The Iron Lady,2011,History
Bridesmaids,2011,Comedy
A Cat in Paris,2010,Animation
Chico & Rita,2010,Animation
Kung Fu Panda 2,2011,Animation
Puss in Boots,2011,Animation
Rango,2011,Animation
Hugo,2011,Adventure
Midnight in Paris,2011,Fantasy
The Tree of Life,2011,Drama
Bullhead,2011,Crime
Footnote,2011,Comedy
In Darkness,2011,Drama
Monsieur Lazhar,2011,Drama
A Separation,2011,Drama
War Horse,2011,War
Dimanche/Sunday,2011,Animation
The Fantastic Flying Books of Mr. Morris Lessmore,2012,Adventure
La Luna,2012,Animation
A Morning Stroll,2011,Animation
Wild Life,2011,Animation
The Ides of March,2011,Drama
Silver Linings Playbook,2012,Drama
Lincoln,2012,History
Les Misérables,2012,History
The Master,2012,Drama
Flight,2012,Drama
Argo,2012,Drama
Django Unchained,2012,Drama
Zero Dark Thirty,2012,Thriller
Amour,2012,Drama
Beasts of the Southern Wild,2012,Drama
The Impossible,2012,Drama
The Sessions,2012,Drama
Brave,2012,Animation
Frankenweenie,2012,Animation
ParaNorman,2012,Family
The Pirates! Band of Misfits,2012,Animation
Wreck-It Ralph,2012,Family
Life of Pi,2012,Adventure
Kon-Tiki,2012,Adventure
No,2012,Drama
A Royal Affair,2012,Drama
War Witch,2012,Drama
Adam and Dog,2013,Animation
Fresh Guacamole,2012,Animation
Head over Heels,2012,Family
Maggie Simpson in \"The Longest Daycare\",2012,Animation
Paperman,2012,Animation
American Hustle,2013,Drama
Nebraska,2013,Drama
The Wolf of Wall Street,2013,Crime
12 Years a Slave,2013,Drama
Dallas Buyers Club,2013,Drama
Captain Phillips,2013,Action
Blue Jasmine,2013,Drama
Gravity,2013,Science Fiction
Philomena,2013,Drama
August: Osage County,2013,Comedy
The Croods,2013,Animation
Despicable Me 2,2013,Animation
Ernest & Celestine,2012,Animation
Frozen,2013,Animation
The Wind Rises,2013,Drama
The Broken Circle Breakdown,2012,Drama
The Great Beauty,2013,Drama
The Hunt,2013,Horror
The Missing Picture,2013,Documentary
Omar,2011,Drama
Her,2013,Romance
Feral,2013,Horror
Get a Horse!,2013,Animation
Mr. Hublot,2013,Animation
Possessions,2013,Horror
Room on the Broom,2012,Family
Before Midnight,2013,Romance
Foxcatcher,2014,Drama
American Sniper,2014,War
The Imitation Game,2014,History
Birdman or (The Unexpected Virtue of Ignorance),2014,Drama
The Theory of Everything,2014,Drama
The Judge,2014,Drama
Boyhood,2014,Drama
Whiplash,2014,Drama
"Two Days, One Night",2014,Drama
Still Alice,2014,Drama
Gone Girl,2014,Mystery
Wild,2014,Drama
Into the Woods,2014,Fantasy
Big Hero 6,2014,Adventure
The Boxtrolls,2014,Animation
How to Train Your Dragon 2,2014,Fantasy
Song of the Sea,2014,Family
The Tale of the Princess Kaguya,2013,Animation
The Grand Budapest Hotel,2014,Comedy
Ida,2013,Drama
Leviathan,1989,Adventure
Tangerines,2013,Drama
Timbuktu,2014,Drama
Wild Tales,2014,Drama
Selma,2014,History
The Bigger Picture,2014,Drama
The Dam Keeper,2014,Animation
Feast,2014,Animation
Me and My Moulton,2014,Animation
A Single Life,2014,Animation
Inherent Vice,2014,Drama
Trumbo,2015,Drama
The Martian,2015,Science Fiction
The Revenant,2015,Western
Steve Jobs,2015,Drama
The Danish Girl,2015,Drama
The Big Short,2015,Comedy
Spotlight,2015,Drama
Bridge of Spies,2015,Thriller
Creed,2015,Drama
Carol,2015,Romance
Room,2015,Drama
Joy,2015,Drama
A War,2015,Drama
45 Years,2015,Drama
Brooklyn,2015,Romance
The Hateful Eight,2015,Drama
Anomalisa,2015,Animation
Boy and the World,2014,Animation
Inside Out,2015,Animation
Shaun the Sheep Movie,2015,Family
When Marnie Was There,2014,Animation
Mad Max: Fury Road,2015,Action
Embrace of the Serpent,2015,Drama
Mustang,2015,Drama
Son of Saul,2015,War
Theeb,2014,Adventure
Female War: A Nasty Deal,2015,Drama
Bear Story,2015,Animation
Prologue,2015,Action
Sanjay's Super Team,2015,Animation
We Can't Live without Cosmos,2014,Animation
World of Tomorrow,2015,Animation
Manchester by the Sea,2016,Drama
Hacksaw Ridge,2016,Drama
La La Land,2016,Comedy
Captain Fantastic,2016,Adventure
Fences,2016,Drama
Moonlight,2016,Drama
Hell or High Water,2016,Western
Lion,2016,Drama
Nocturnal Animals,2016,Drama
Elle,2016,Drama
Loving,2016,Drama
Jackie,2016,Drama
Florence Foster Jenkins,2016,Comedy
Hidden Figures,2016,Drama
Kubo and the Two Strings,2016,Animation
Moana,2016,Adventure
My Life as a Zucchini,2016,Animation
The Red Turtle,2016,Animation
Zootopia,2016,Animation
Arrival,2016,Drama
Land of Mine,2015,War
A Man Called Ove,2015,Comedy
The Salesman,2016,Drama
Tanna,2015,Romance
Toni Erdmann,2016,Comedy
Blind Vaysha,2016,Animation
Borrowed Time,2015,Animation
Pear Cider and Cigarettes,2016,Animation
Pearl,2016,Animation
Piper,2016,Family
Call Me by Your Name,2017,Romance
Phantom Thread,2017,Drama
Get Out,2017,Mystery
Darkest Hour,2017,Drama
"Roman J. Israel, Esq.",2017,Drama
The Florida Project,2017,Drama
Three Billboards outside Ebbing,2017,Crime
The Shape of Water,2017,Drama
All the Money in the World,2017,Crime
"I, Tonya",2017,Drama
Lady Bird,2017,Drama
The Post,2017,Drama
Mudbound,2017,Drama
The Boss Baby,2017,Animation
The Breadwinner,2017,Animation
Coco,2017,Family
Ferdinand,2017,Animation
Loving Vincent,2017,Animation
Dunkirk,2017,War
A Fantastic Woman,2017,Drama
The Insult,2017,Drama
Loveless,2017,Drama
On Body and Soul,2017,Drama
The Square,2017,Drama
Dear Basketball,2017,Animation
Garden Party,2017,Animation
Lou,2017,Family
Negative Space,2017,Animation
Revolting Rhymes,2017,Family
The Disaster Artist,2017,Comedy
Logan,2017,Action
Molly's Game,2017,Drama
Vice,2018,Drama
A Star Is Born,2018,Music
At Eternity's Gate,2018,Drama
Bohemian Rhapsody,2018,Music
Green Book,2018,Drama
BlacKkKlansman,2018,Crime
Can You Ever Forgive Me?,2018,Drama
Roma,2018,Drama
The Wife,2017,Drama
The Favourite,2018,History
If Beale Street Could Talk,2018,Romance
Incredibles 2,2018,Action
Isle of Dogs,2018,Adventure
Mirai,2018,Animation
Ralph Breaks the Internet,2018,Family
Spider-Man: Into the Spider-Verse,2018,Animation
Cold War,2018,Romance
Capernaum,2018,Drama
Never Look Away,2018,Drama
Shoplifters,2018,Drama
Black Panther,2018,Action
Animal Behaviour,2018,Comedy
Bao,2018,Animation
Late Afternoon,2019,Family
One Small Step,2018,Family
Weekends,2017,Animation
The Ballad of Buster Scruggs,2018,Western
Pain and Glory,2019,Drama
Once upon a Time...in Hollywood,2019,Comedy
Marriage Story,2019,Drama
Joker,2019,Crime
The Two Popes,2019,Drama
A Beautiful Day in the Neighborhood,2019,History
The Irishman,2019,Crime
Harriet,2019,Drama
Little Women,2019,Drama
Bombshell,2019,Drama
Judy,2019,Drama
Richard Jewell,2019,Drama
Jojo Rabbit,2019,Comedy
How to Train Your Dragon: The Hidden World,2019,Animation
I Lost My Body,2019,Animation
Klaus,2019,Animation
Missing Link,2019,Family
Toy Story 4,2019,Family
1917,2019,War
Parasite,2019,Comedy
Corpus Christi,2019,Drama
Honeyland,2019,Documentary
Les Misérables,2019,Crime
Ford v Ferrari,2019,Drama
Dcera (Daughter),2019,Animation
Hair Love,2019,Animation
Kitbull,2019,Animation
Memorable,2019,Animation
Sister,2019,Drama
Sound of Metal,2020,Drama
Ma Rainey's Black Bottom,2020,Drama
The Father,2020,Drama
Mank,2020,Drama
Minari,2021,Drama
The Trial of the Chicago 7,2020,Drama
Judas and the Black Messiah,2020,Drama
One Night in Miami...,2020,Drama
The United States vs. Billie Holiday,2020,Music
Pieces of a Woman,2020,Drama
Nomadland,2021,Drama
Promising Young Woman,2020,Thriller
Borat Subsequent Moviefilm: Delivery of Prodigious Bribe to American Regime for Make Benefit Once Glorious Nation of Kazakhstan,2020,Comedy
Hillbilly Elegy,2020,Drama
Onward,2020,Family
Over the Moon,2020,Animation
A Shaun the Sheep Movie: Farmageddon,2019,Family
Soul,2020,Animation
Wolfwalkers,2020,Animation
Another Round,2020,Comedy
Better Days,2019,Drama
Collective,2019,Documentary
The Man Who Sold His Skin,2021,Drama
"Quo Vadis, Aida?",2021,War
Burrow,2020,Animation
Genius Loci,2020,Animation
If Anything Happens I Love You,2020,Drama
Opera,2020,Animation
Yes-People,2020,Animation
Leopard Head Lin Chong 1: The White Tiger Hall,2019,War
Being the Ricardos,2021,Drama
The Power of the Dog,2021,Drama
tick tick...BOOM!,2021,Drama
King Richard,2021,Drama
The Tragedy of Macbeth,2021,Drama
Belfast,2021,Drama
CODA,2021,Drama
The Eyes of Tammy Faye,2021,Drama
The Lost Daughter,2021,Drama
Parallel Mothers,2021,Drama
Spencer,2021,Drama
West Side Story,2021,Drama
Encanto,2021,Animation
Flee,2021,Documentary
Luca,2021,Animation
The Mitchells vs. the Machines,2021,Animation
Raya and the Last Dragon,2021,Animation
Drive My Car,2021,Drama
Licorice Pizza,2021,Drama
The Hand of God,2021,Drama
Lunana: A Yak in the Classroom,2019,Drama
The Worst Person in the World,2021,Drama
Don't Look Up,2021,Comedy
Dune,2021,Science Fiction
Nightmare Alley,2021,Crime
Affairs of the Art,2021,Animation
Bestia,2022,Animation
Boxballet,2021,Animation
Robin Robin,2021,Animation
The Windshield Wiper,2021,Animation
Elvis,2022,Drama
The Banshees of Inisherin,2022,Drama
The Whale,2022,Drama
Aftersun,2022,Drama
Living,2022,Drama
Causeway,2022,Drama
The Fabelmans,2022,Drama
Everything Everywhere All at Once,2022,Action
Tár,2022,Music
Blonde,2022,Drama
To Leslie,2022,Drama
Black Panther: Wakanda Forever,2022,Action
Guillermo del Toro's Pinocchio,2022,Animation
Marcel the Shell with Shoes On,2022,Animation
Puss in Boots: The Last Wish,2022,Animation
The Sea Beast,2022,Animation
Turning Red,2022,Animation
Triangle of Sadness,2022,Comedy
All Quiet on the Western Front,2022,War
Argentina 1985,2022,Drama
Close,2022,Drama
EO,2022,Drama
The Quiet Girl,2022,Drama
Avatar: The Way of Water,2022,Action
Top Gun: Maverick,2022,Action
Women Talking,2022,Drama
"The Boy, the Mole, the Fox and the Horse",2022,Animation
The Flying Sailor,2022,Animation
Ice Merchants,2023,Animation
My Year of Dicks,2023,Animation
An Ostrich Told Me the World Is Fake and I Think I Believe It,2022,Animation
Glass Onion: A Knives Out Mystery,2022,Comedy
Maestro,2023,Drama
Rustin,2023,Drama
The Holdovers,2023,Comedy
Oppenheimer,2023,Drama
American Fiction,2023,Comedy
Killers of the Flower Moon,2023,Crime
Barbie,2023,Comedy
Poor Things,2023,Science Fiction
Nyad,2023,Drama
Anatomy of a Fall,2023,Thriller
The Color Purple,2023,Drama
The Boy and the Heron,2023,Animation
Elemental,2023,Family
Nimona,2023,Animation
Robot Dreams,2023,Animation
Spider-Man: Across the Spider-Verse,2023,Animation
The Zone of Interest,2023,Drama
Io Capitano,2023,Adventure
Perfect Days,2023,Drama
Society of the Snow,2023,Drama
The Teachers' Lounge,2023,Drama
Past Lives,2023,Drama
Letter to a Pig,2024,Animation
Ninety-Five Senses,2023,Animation
Our Uniform,2023,Animation
Pachyderme,2024,Animation
WAR IS OVER! Inspired by the Music of John & Yoko,2023,Animation
The Brutalist,2024,Drama
A Complete Unknown,2024,Drama
Sing Sing,2024,Drama
Conclave,2024,Drama
The Apprentice,2024,History
Anora,2024,Drama
A Real Pain,2024,Comedy
Wicked,2024,Drama
Emilia Pérez,2024,Drama
The Substance,2024,Horror
I'm Still Here,2024,Drama
Flow,2024,Animation
Inside Out 2,2024,Animation
Memoir of a Snail,2024,Animation
Wallace & Gromit: Vengeance Most Fowl,2024,Family
The Wild Robot,2024,Animation
Beautiful Men,2023,Animation
In the Shadow of the Cypress,2023,Animation
Magic Candies,2025,Animation
Wander to Wonder,2024,Animation
Yuck!,2024,Animation
The Girl with the Needle,2024,Drama
The Seed of the Sacred Fig,2024,Drama
Dune: Part Two,2024,Science Fiction
Nickel Boys,2024,Drama
